supplier,my_id,supplier_id,my_price,supplier_price,my_available,supplier_available
plantsclub,06019K1021,15716,11766,11202,0,0
plantsclub,1000557,11060,1477,660.7,1,0
plantsclub,1000567,11934,699,428.3,1,0
plantsclub,1000581,12536,2199,1001.9,0,0
plantsclub,1000582,12541,2699,1495.6,1,0
plantsclub,1000583,12543,4399,2003.8,0,0
plantsclub,1000584,12544,2999,1656,1,0
plantsclub,1000585,12551,2999,1844,0,0
plantsclub,1000589,11041,2099,972.8,0,0
plantsclub,1000590,11042,3299,1393.9,0,0
plantsclub,1000596,11023,3499,1437.5,1,0
plantsclub,1000600,10007,2399,1074.5,0,0
plantsclub,1000601,12707,877,396,1,0
plantsclub,1000612,11222,2277,878.5,1,0
plantsclub,1000614,11224,2099,1234.2,0,0
plantsclub,1000621,10528,3499,2103,0,0
plantsclub,1000636,11726,3399,1786,0,0
plantsclub,1000637,10401,999,551.79,0,0
plantsclub,1000638,11727,3799,1858.6,0,0
plantsclub,1000639,10402,699,609.79,0,0
plantsclub,1000640,11728,4190,1960.2,1,0
plantsclub,1000641,10403,1299,711.5,1,0
plantsclub,1000654,8923,1269,609.79,1,0
plantsclub,1000656,8951,1979,900.2,1,0
plantsclub,1000661,9044,1199,528,1,0
plantsclub,1000675,11775,1399,726,0,0
plantsclub,1000680,10364,1159,480,1,0
plantsclub,1000694,12301,249,696,1,0
plantsclub,1000696,8698,250,108,1,0
plantsclub,1000726,12299,699,282,0,0
plantsclub,1000727,12300,699,342,0,0
plantsclub,1001410,12556,2949,1128,0,0
plantsclub,1001426,12559,2299,1118,1,0
plantsclub,1001430,12558,2899,1118,1,0
plantsclub,1001432,12557,2399,1001.9,0,0
plantsclub,1001433,11027,2399,958.3,1,0
plantsclub,1001435,12555,3699,3121.8,0,0
plantsclub,1001530,11923,1599,1060,1,0
plantsclub,1001533,11921,1599,653.4,1,0
plantsclub,1001534,11920,1799,646.1,1,0
plantsclub,1001553,12542,3899,1524.6,1,0
plantsclub,1001555,12539,2999,1168.9,0,0
plantsclub,1001556,12537,2249,1118,0,0
plantsclub,1001557,12535,6799,2599.1,1,0
plantsclub,1001564,11025,2899,1350.4,0,0
plantsclub,1001565,11046,4999,2022,0,0
plantsclub,1001601,12778,349,217.8,1,0
plantsclub,1001614,10006,1449,624.4,0,0
plantsclub,1001615,10004,4399,1844,0,0
plantsclub,1001620,11217,4199,1495.6,1,0
plantsclub,1001622,10885,1199,334,1,0
plantsclub,1001623,10886,1149,428.3,0,0
plantsclub,1001640,10734,1369,516,1,0
plantsclub,1003609,12098,3199,1350.4,1,0
plantsclub,1003621,12097,4999,727.2,0,0
plantsclub,1003623,10594,4999,1433.9,0,0
plantsclub,1003683,10548,1750,1633.5,0,0
plantsclub,1003684,10549,1750,1542.8,0,0
plantsclub,1013564,12560,4699,1858.6,1,0
plantsclub,1013565,11028,4299,2003.8,0,0
plantsclub,1016036,8920,1499,580.79,0,0
plantsclub,1018606,10531,1395,1135,0,0
plantsclub,1023624,12532,5999,4198.7,1,0
plantsclub,1027525,12534,1777,2221.6,1,0
plantsclub,1027526,12603,1777,2736,0,0
plantsclub,111670,11931,2049,1030.9,0,0
plantsclub,"1145/17,5",11884,490,496,1,1
plantsclub,1147/19,11885,245,245,0,0
plantsclub,1148/18.5,11886,295,275,1,0
plantsclub,120500100307,9516,1299,1299,0,1
plantsclub,120500100606,9546,479,519,0,1
plantsclub,120500100703,9565,670,725,0,1
plantsclub,120500200101,10596,145,178,0,1
plantsclub,120500200103,10601,186,200,0,1
plantsclub,120500200104,10602,186,200,0,1
plantsclub,120500200106,11132,89,89,0,1
plantsclub,120500200110,10599,165,178,0,1
plantsclub,120EU,11790,1176,1179,0,0
plantsclub,121000332326,16438,445,455,0,1
plantsclub,121000550502,10070,890,890,0,1
plantsclub,121001004985,15677,3090,3090,0,1
plantsclub,121001007003,14601,420,420,0,1
plantsclub,125/18S,17580,1949,1949,0,1
plantsclub,125/21S,17581,1960,1960,0,1
plantsclub,130DX-R,11793,1259,1259,1,1
plantsclub,136001,9044,1049,528,0,0
plantsclub,140DX-R,11800,1259,1259,1,1
plantsclub,140L-DX,11804,1399,1399,1,1
plantsclub,141-18,11230,1490,1490,1,1
plantsclub,160ZF-2.0-3,15001,4870,178,0,1
plantsclub,160ZF-3.0-5,15002,5145,178,0,1
plantsclub,180LR-1.8,11816,4490,4490,0,1
plantsclub,180LR-2.1,11817,4919,4919,1,1
plantsclub,180R-1.8,11818,4339,4339,0,1
plantsclub,20001,10446,1690,1690,1,1
plantsclub,20002,10089,550,550,0,1
plantsclub,20005,10773,695,695,1,1
plantsclub,20008,14172,270,270,0,1
plantsclub,20011/100,15718,2190,1990,0,0
plantsclub,20012,14173,280,280,1,1
plantsclub,20013,11138,1235,1235,1,1
plantsclub,200a-60,12514,4690,4690,0,0
plantsclub,200А-60,12514,4690,4690,0,0
plantsclub,201AP,10847,1990,1990,0,1
plantsclub,202AP,10848,1990,1690,0,0
plantsclub,210A-60,12522,4990,4990,0,0
plantsclub,210DX,11175,939,939,0,1
plantsclub,210А-60,12522,4990,4990,0,0
plantsclub,22001,10447,1790,1790,1,1
plantsclub,22002,10090,595,595,1,1
plantsclub,224P-SP-OT,10864,1360,1520,0,0
plantsclub,23523-21.B,11863,769,769,1,1
plantsclub,2509-22.B,10315,4290,4290,0,1
plantsclub,2509-26.B,10316,4679,4679,0,1
plantsclub,290,14930,9650,9650,0,1
plantsclub,2е,17588,11990,11990,0,1
plantsclub,300/21,12042,3999,3475,1,1
plantsclub,300L,11821,499,499,1,1
plantsclub,300L-DX,11823,629,629,0,1
plantsclub,3103 MFVA.B,10512,1310,1310,1,1
plantsclub,3461-R.B,11020,2287,2287,1,1
plantsclub,3512-22.B,12061,1909,1909,1,1
plantsclub,3642.B,8663,715,715,1,1
plantsclub,396-LAP,11452,1350,775,0,0
plantsclub,4211-11-6T,11706,950,950,1,1
plantsclub,4211-14-6T,11707,1056,1010,1,1
plantsclub,4212-11-6T,11708,890,890,1,1
plantsclub,4587-13.В,11297,1310,1310,0,1
plantsclub,4588-13.B,11210,1638,1638,1,1
plantsclub,460,17587,2490,2490,0,1
plantsclub,5016/AL.R,10809,1900,1900,0,0
plantsclub,5016/L-SX,10811,1260,1250,0,1
plantsclub,5128-JS-H,11711,2025,1500,1,0
plantsclub,5356,16183,4220,4220,0,1
plantsclub,5386,11765,4190,4490,0,1
plantsclub,5540/2N,13252,710,650,1,0
plantsclub,6350,14598,1520,1520,1,1
plantsclub,645/10F,10948,6599,6599,0,0
plantsclub,64628351-abbb-11ee-bf43-c87f546feb15,12514,4690,4690,0,0
plantsclub,6b06622a-abbb-11ee-bf43-c87f546feb15,10512,1259,1310,0,1
plantsclub,710S,15816,599,549,1,1
plantsclub,7245,9229,3850,3879,0,0
plantsclub,7249,15530,2250,2799,0,0
plantsclub,7445,9305,5188,3200,0,0
plantsclub,7447,9293,4485,2822.6,1,0
plantsclub,7451,9295,4805,3115.2,0,0
plantsclub,7522,9305,5198,3200,1,0
plantsclub,7523,9306,5021,3200,0,0
plantsclub,77db851f-abbb-11ee-bf43-c87f546feb15,12555,3699,3121.8,0,0
plantsclub,7899,9305,4845,3200,1,0
plantsclub,7d31f229-bf5c-11ee-bf58-c87f546feb15,10316,4499,4679,0,1
plantsclub,8063,16086,625,545,1,0
plantsclub,8064,16088,548,475,1,0
plantsclub,904,12710,1655,1399,0,0
plantsclub,905,12711,1480,1480,1,1
plantsclub,906,14623,930,930,1,1
plantsclub,9307/19LU,10832,1320,1150,0,1
plantsclub,9377/19_LN,15500,1290,1150,0,0
plantsclub,9500/L.A,15498,535,535,0,0
plantsclub,951-20.B,8905,640,640,1,1
plantsclub,A-903,16437,690,690,0,1
plantsclub,ARS-310,11825,445,445,0,1
plantsclub,BCL21,12033,49900,49900,0,1
plantsclub,CAM-24PRO,11178,1999,1999,1,0
plantsclub,CB-8,11827,1649,1649,0,0
plantsclub,CB-8Z,15593,1730,1730,1,1
plantsclub,CB-9Z,15594,1880,1880,0,1
plantsclub,CTR-32PRO,11183,3590,3590,1,1
plantsclub,CUC-0.4-360,12336,1881,1850,1,1
plantsclub,CUC-0.8-600,12346,2070,1520,0,0
plantsclub,DK-673,15815,3945,3945,0,1
plantsclub,FB-7,15595,1365,1365,0,1
plantsclub,FB-8,15596,1470,1470,1,1
plantsclub,G-18L,11187,1199,1199,1,1
plantsclub,GS180F,11038,1265,750,1,0
plantsclub,HFGPS-0.7-400FG,12338,1614,1506,0,0
plantsclub,K-800,11015,2389,2389,1,0
plantsclub,KR-1000,11017,4460,4460,1,1
plantsclub,KR-1000-1,10752,1460,1460,1,1
plantsclub,KR-1000L,11018,4459,4459,1,1
plantsclub,KST 204,16183,4220,4220,0,1
plantsclub,KST 216,11765,4190,4490,0,1
plantsclub,KST 231,11768,4985,5390,1,1
plantsclub,KST101,12056,2590,2590,1,1
plantsclub,KST103,12057,2695,2695,1,1
plantsclub,KST104,12058,2990,2990,1,1
plantsclub,KST108,16233,950,890,1,0
plantsclub,KST133,16234,1090,990,1,0
plantsclub,KST204,16183,4220,4220,0,1
plantsclub,KST205,16184,4790,4550,1,1
plantsclub,KST205-K,11764,5550,5550,1,1
plantsclub,KST214,16185,5190,5190,0,1
plantsclub,KST216,11765,4490,4490,0,1
plantsclub,KST217,11766,4790,4790,1,1
plantsclub,KST230,11767,5990,5990,0,1
plantsclub,KST231,11768,5390,5390,1,1
plantsclub,KST304,12074,850,850,1,1
plantsclub,KST306,12075,850,850,1,1
plantsclub,KST307,12076,850,850,1,1
plantsclub,KST404,16236,1190,1190,1,0
plantsclub,KST412,12722,825,825,1,1
plantsclub,LPB-30-1,10485,1040,1040,0,1
plantsclub,LPB-30-2,10281,1512,1512,1,1
plantsclub,MK-S200,16439,3199,3199,0,1
plantsclub,MKK-5,16440,2259,2259,0,1
plantsclub,MKK-7,16441,2259,2259,0,1
plantsclub,N-207,15967,3299,3299,0,0
plantsclub,P11,10983,1559,825,1,0
plantsclub,P127-19,11036,504,540,1,1
plantsclub,P128-19,11037,570,570,1,1
plantsclub,P160-SL-60,12483,3950,3950,0,1
plantsclub,P160-SL-75,12484,3990,4050,1,1
plantsclub,P160-SL-90,12485,4290,4290,1,1
plantsclub,P173-SL-85,14049,4725,1895,0,0
plantsclub,P280-SL-80,15795,3090,3090,1,1
plantsclub,P34-27A-F,12035,2148,2190,1,1
plantsclub,P52-SL-20,11763,4299,4299,0,1
plantsclub,P59-25-F,11762,2115,1890,0,1
plantsclub,PM-24,11192,1920,1920,1,1
plantsclub,PX-M3-R500P,11858,2500,2950,0,1
plantsclub,R260A,10270,1037,1090,1,1
plantsclub,R516V,8557,225,220,1,1
plantsclub,SD-95-PN,15592,849,1599,1,0
plantsclub,SP-426,12797,87,87,0,1
plantsclub,SR-AR-2,16106,3450,3450,1,1
plantsclub,SR-BAG,16238,695,695,1,1
plantsclub,SR-L-1190,16111,2950,2950,1,1
plantsclub,SR-L-570,16112,1950,1899,1,1
plantsclub,SR-L-590,16112,1950,1899,0,1
plantsclub,SR-L-890,16113,2650,2650,1,0
plantsclub,SR-LIM-255,16110,1450,1450,1,1
plantsclub,SUC-0.7-450,12349,1580,1586,0,0
plantsclub,SUC-0.9-600,12350,2205,1738,0,0
plantsclub,SUC-1.0-710,12351,2475,2200,0,0
plantsclub,SUC-1.7-800,12352,2948,2620,0,0
plantsclub,VA-7Z,11832,2195,2195,1,1
plantsclub,VA-8Z,11833,2299,2299,1,1
plantsclub,VS-8X-1,10758,1043,999,0,0
plantsclub,VS-8X-2,10469,533,533,0,0
plantsclub,VS-9X-2,10471,600,599,0,0
plantsclub,Z-21K,15818,1470,1470,0,1
plantsclub,Z-26K,15819,3299,2790,0,1
plantsclub,b7ae5582-dcce-11f0-81e7-e89c257d8b8f,16437,690,690,0,1
plantsclub,СВ-9,11828,1792,1792,0,0
vodospad,0.600.8B2.100,41370,4245,5802,0,0
vodospad,00901,42418,450,450,1,1
vodospad,06019K1021,41137,11766,11766,0,1
vodospad,1.104,32329,2220,2220,1,1
vodospad,1.109,32331,2800,2800,0,0
vodospad,10.107,38035,2450,2450,0,1
vodospad,1000567,32130,699,549,1,0
vodospad,1000581,39747,2199,1299,0,0
vodospad,1000582,32150,2699,2399,1,0
vodospad,1000583,32153,4399,2699,0,0
vodospad,1000584,32154,2999,2799,1,0
vodospad,1000589,32160,2099,1399,0,0
vodospad,1000590,32159,3299,1999,0,0
vodospad,1000600,37220,2399,1499,0,0
vodospad,1000601,32197,877,599,1,0
vodospad,1000612,32193,2277,1399,1,0
vodospad,1000614,32191,2099,1999,0,0
vodospad,1000615,32190,1299,877,1,0
vodospad,1000621,32269,3499,2799,0,0
vodospad,1000636,37407,3399,2299,0,0
vodospad,1000637,32261,999,599,0,0
vodospad,1000638,32260,3799,2499,0,0
vodospad,1000639,37409,699,649,0,0
vodospad,1000640,37408,4190,2699,1,0
vodospad,1000641,32262,1299,799,1,0
vodospad,1000654,32281,1269,899,1,0
vodospad,1000656,32285,1979,1599,1,0
vodospad,1000661,32273,1199,1049,1,0
vodospad,1000675,37406,1399,1199,0,0
vodospad,1000680,32271,1159,799,1,0
vodospad,1000685,39806,1049,799,0,0
vodospad,1000694,32177,249,249,1,0
vodospad,1000696,32179,250,249,1,0
vodospad,1000726,33603,699,549,0,0
vodospad,1000727,33604,699,549,0,0
vodospad,1001410,39797,2949,1999,0,0
vodospad,1001426,32515,2299,1449,1,0
vodospad,1001430,39771,2899,1599,1,0
vodospad,1001432,39772,2399,1499,0,0
vodospad,1001433,32717,2399,1699,1,0
vodospad,1001530,32143,1599,1599,1,0
vodospad,1001533,32611,1599,899,1,0
vodospad,1001534,32142,1799,999,1,0
vodospad,1001553,32618,3899,2299,1,0
vodospad,1001555,39749,2999,1799,0,0
vodospad,1001557,32615,6799,4699,1,0
vodospad,1001560,32614,2099,1699,0,0
vodospad,1001562,32616,1999,899,0,0
vodospad,1001564,32161,2899,1799,0,0
vodospad,1001565,37417,4999,3199,0,0
vodospad,1001567,32188,2195,2199,0,0
vodospad,1001574,32258,1999,1299,0,0
vodospad,1001580,32960,1095,1099,0,0
vodospad,1001601,32180,349,349,1,0
vodospad,1001614,37219,1449,899,0,0
vodospad,1001615,37221,4399,2799,0,0
vodospad,1001620,37352,4199,2499,1,0
vodospad,1001621,37355,1099,749,1,0
vodospad,1001622,32175,1199,699,1,0
vodospad,1001623,32622,1149,749,0,0
vodospad,1001625,32176,1149,699,1,0
vodospad,1001640,32195,1369,899,1,0
vodospad,1001704,37212,5199,3799,1,0
vodospad,1001705,37216,5999,3799,0,0
vodospad,1002104,32149,2999,1799,0,0
vodospad,1003458,32684,1199,1199,0,0
vodospad,1003477,37214,1377,799,1,0
vodospad,1003478,37213,1377,799,1,0
vodospad,1003609,32848,3199,2299,1,0
vodospad,1003621,37222,4999,3099,0,0
vodospad,1003623,37226,4999,3099,0,0
vodospad,1003683,33198,1750,2399,0,0
vodospad,1003684,37366,1750,1999,0,0
vodospad,1011617,33561,2099,1399,1,0
vodospad,1013564,39770,4699,2899,1,0
vodospad,1013565,39775,4299,2799,0,0
vodospad,1014808,39651,998,999,0,0
vodospad,1015447,37215,1249,999,0,0
vodospad,1015618,32122,2199,1799,1,0
vodospad,1015619,32123,2399,2199,1,0
vodospad,1015640,32124,3799,2699,1,0
vodospad,1015641,32127,3299,2499,1,0
vodospad,1015642,33092,3599,2899,0,0
vodospad,1015643,32126,3999,3299,1,0
vodospad,1015644,32128,5699,3699,0,0
vodospad,1015681,37420,1699,1199,0,0
vodospad,1016035,32966,1499,999,0,0
vodospad,1016036,32980,1499,899,0,0
vodospad,1018606,33560,1395,2299,0,0
vodospad,102-30,32891,3290,3290,0,1
vodospad,1020125,37418,3999,2699,0,0
vodospad,1020126,36468,2999,1999,0,0
vodospad,1020127,37419,2499,1649,0,0
vodospad,1020166,37202,7799,4499,0,0
vodospad,1020186,39743,3799,2499,0,0
vodospad,1020187,39744,4999,2999,0,0
vodospad,1020188,39745,5999,3599,1,0
vodospad,1020189,39746,5999,3599,0,0
vodospad,1020199,37353,4399,2699,1,0
vodospad,1020200,37354,3799,2899,1,0
vodospad,1020203,39720,3299,2699,0,0
vodospad,1020204,39722,3999,2499,0,0
vodospad,1023617,37359,777,499,1,0
vodospad,1023618,37360,949,599,1,0
vodospad,1023619,37361,1099,799,1,0
vodospad,1023624,36317,5999,5499,1,0
vodospad,1023625,37223,5999,4299,1,0
vodospad,1023631,39773,3599,2399,1,0
vodospad,1023632,39712,1899,1099,0,0
vodospad,1023633,36649,2999,1999,0,0
vodospad,1026293,32687,1777,899,1,0
vodospad,1026295,36466,2899,1599,1,0
vodospad,1026296,36456,1777,949,1,0
vodospad,1026297,37434,1777,899,1,0
vodospad,1026797,39545,899,549,1,0
vodospad,1026826,39713,1499,999,0,0
vodospad,1026827,39776,1677,999,0,0
vodospad,1026917,39711,1549,1249,1,0
vodospad,1026930,39748,2699,1399,0,0
vodospad,1026931,39774,2099,1777,0,0
vodospad,1027017,39687,699,377,0,0
vodospad,1027018,39688,699,377,0,0
vodospad,1027043,39662,999,699,0,0
vodospad,1027525,39829,1777,899,1,0
vodospad,1027526,32686,1777,899,0,0
vodospad,1028374,39552,2199,1399,1,0
vodospad,1028375,39553,2399,1699,1,0
vodospad,1028376,39548,1499,949,1,0
vodospad,104-27,33459,2950,2950,0,1
vodospad,1051087,39297,2199,1999,0,0
vodospad,1051144,39266,5599,4099,1,0
vodospad,1051600,39739,799,499,0,0
vodospad,1051602,39738,849,499,0,0
vodospad,1066708,32250,1999,1699,1,0
vodospad,1066715,32744,1299,999,1,0
vodospad,1066716,32412,1399,1199,1,0
vodospad,11.104,32344,2490,2490,0,1
vodospad,11.107,38283,2490,2490,1,1
vodospad,11.109,32345,3495,3495,0,1
vodospad,1101,33322,548,548,1,1
vodospad,1118882,42831,2990,2990,1,1
vodospad,"1145/17,5",39920,490,490,1,1
vodospad,1148/18.5,37645,295,295,1,1
vodospad,11827,41088,699,799,1,1
vodospad,12.104,32346,2440,2440,0,1
vodospad,12.109,32347,3190,3190,0,1
vodospad,12057,41021,1339,1339,0,0
vodospad,121-21,33344,2590,2590,0,1
vodospad,121-24,33562,2990,2990,1,1
vodospad,121-30,32901,3590,3590,1,1
vodospad,123100400,42494,540,5690,1,1
vodospad,123100402,42494,755,5690,1,1
vodospad,12356,41024,1799,1799,0,0
vodospad,1297010133,42434,720,720,1,1
vodospad,12MAXBIOD,40865,495,495,0,0
vodospad,12Margo,40559,710,710,0,1
vodospad,130DX-R,37181,1259,1259,1,1
vodospad,131418,32744,999,999,1,0
vodospad,131419,32744,999,999,1,0
vodospad,131426,32412,1199,1199,1,0
vodospad,136001,32273,1049,1049,0,0
vodospad,14.104,32926,1850,1850,1,1
vodospad,14.107,32927,1850,1850,1,1
vodospad,140DX-R,38678,1259,1259,1,1
vodospad,140L-DX,38681,1399,1399,1,0
vodospad,141-18,32907,1490,1490,1,1
vodospad,143-18,32908,1490,1490,1,1
vodospad,15.104,32929,1850,1850,1,1
vodospad,16.104,33875,2390,2390,0,1
vodospad,16.107,33337,2390,2390,0,0
vodospad,160/27,39924,790,790,1,1
vodospad,160ZF-2.0-3,41930,4870,4870,0,1
vodospad,160ZF-3.0-5,41931,5145,5145,0,0
vodospad,180-1.8,38687,3990,3990,0,0
vodospad,180-2.4,41934,4680,4680,1,1
vodospad,180LR-1.8,38688,4490,4490,0,1
vodospad,180LR-2.1,38689,4919,4919,1,0
vodospad,180R-1.8,38690,4339,4339,0,1
vodospad,180ZF-3.0-5,38685,4870,4870,1,1
vodospad,180ZR-3.0-5,38686,4945,4457,0,0
vodospad,20.100,32735,5500,5500,0,1
vodospad,20001,32781,1690,1690,1,0
vodospad,20002,32782,550,550,0,0
vodospad,20005,32783,695,695,1,1
vodospad,20008,32784,270,270,0,1
vodospad,20011/100,32788,2190,2190,0,1
vodospad,20012,32789,280,280,1,1
vodospad,20013,32790,1235,1235,1,1
vodospad,202P-SIN,33500,1100,1100,0,0
vodospad,202P-SP-OT-CH,36457,2240,2250,1,1
vodospad,21.080,32455,5490,5490,1,1
vodospad,21001,32791,1750,1750,0,1
vodospad,21002,32792,1430,1430,1,1
vodospad,21008,32793,510,510,1,1
vodospad,210A-60,32403,4990,4990,0,0
vodospad,210C-60,38557,5300,5300,0,0
vodospad,210А-60,32403,4990,4990,0,0
vodospad,211P-SP-OT,33577,1990,1990,1,1
vodospad,22.080,32333,5490,5490,1,1
vodospad,22.100,32749,5600,5600,1,1
vodospad,22001,32794,1790,1790,1,1
vodospad,22002,32795,595,595,1,1
vodospad,22013,32796,1250,1250,1,1
vodospad,224P-SP-OT,33188,1360,1360,0,0
vodospad,23FA150,42173,160,160,1,1
vodospad,23FASPE10,42309,130,130,1,1
vodospad,23FASPE15,37925,180,180,1,1
vodospad,23FC250,42175,235,235,0,1
vodospad,23FCSPE10,40552,90,90,1,1
vodospad,23FCSPE12,40553,100,105,1,1
vodospad,23FCSPE15,40554,130,130,0,1
vodospad,23FCTO,42174,285,285,1,0
vodospad,23FIPEBIO4,42381,550,550,1,0
vodospad,23FIPEGRVS2,40551,340,350,1,1
vodospad,23FIPEGRVS3,40549,330,345,1,1
vodospad,23FIPEGRVS4,40544,340,345,1,0
vodospad,23FIPEGRVS5,40867,340,345,1,1
vodospad,23FIPEGRVS6,40546,350,360,1,1
vodospad,23FIPEGRVS7,40866,375,375,1,1
vodospad,2616/N,40633,1285,813,0,0
vodospad,266L,33239,1725,1725,0,1
vodospad,270-30,33215,3690,3690,0,1
vodospad,270-39,32903,4290,4290,0,1
vodospad,2720006N,41073,1295,1299,0,0
vodospad,275-39,32913,5490,5490,0,1
vodospad,278-33,32904,3890,3890,0,1
vodospad,290213-32,36984,1310,1310,0,0
vodospad,2C 380/20,40745,1990,2129,0,1
vodospad,2C_387/20,40750,900,899,0,1
vodospad,3.90.20,32375,1449,1449,0,0
vodospad,3.91.40,36320,1799,1159,0,0
vodospad,300L-DX,41936,629,629,0,0
vodospad,3081.B,43387,499,499,1,1
vodospad,31.060,32743,3950,3950,0,1
vodospad,340-17,32947,2190,2190,0,1
vodospad,350-36,33987,3995,3995,1,1
vodospad,352-36,40871,3995,3995,1,1
vodospad,354-36,32916,3995,3995,1,1
vodospad,3555.B,39929,1035,1029,1,1
vodospad,356-36,32917,4495,4495,1,1
vodospad,390-33,42303,5290,5290,0,1
vodospad,390-36,36718,5690,5690,0,1
vodospad,390-42,40640,5990,5990,0,1
vodospad,396-HP,31935,1530,1188,0,0
vodospad,396-JS,33873,1707,1358,0,0
vodospad,396-LAP,31936,1350,925,0,0
vodospad,4-272-05-3-2,32533,540,340,1,0
vodospad,403-50,32905,8990,8990,0,0
vodospad,419-42,32914,5890,5890,0,1
vodospad,4211-11-6T,31928,950,950,1,1
vodospad,4211-14-6T,42762,1056,1010,1,1
vodospad,4212-11-6T,31975,890,890,1,1
vodospad,4212-14-6T,36818,1013,990,0,1
vodospad,4420-11,32538,570,570,0,0
vodospad,446-24,32906,2900,2990,0,1
vodospad,4580149742093,37461,4990,4990,0,1
vodospad,4580149742482,43288,3990,3990,0,1
vodospad,4580149743007,39759,1990,1990,0,1
vodospad,4580149746398,37902,4390,4390,0,1
vodospad,4940003A,40801,3490,2999,0,0
vodospad,4940004A,41071,2200,1999,0,0
vodospad,4980005N,40800,795,795,1,1
vodospad,5.124,32339,1950,1950,0,1
vodospad,5010003N,37475,760,759,1,1
vodospad,5016/L-SX,42663,1260,1260,0,1
vodospad,5020001N,37646,750,750,0,1
vodospad,5020003N,37647,1295,1295,1,1
vodospad,5030005N,41774,850,850,1,1
vodospad,5037/L,42664,1090,1090,0,1
vodospad,5070007N,41074,295,299,0,0
vodospad,5116/L,42665,1490,1490,1,1
vodospad,5128-JS-H,31933,2025,1376,1,0
vodospad,5170007N,40796,320,325,1,1
vodospad,5356,42198,4220,4220,0,1
vodospad,5386,37067,4190,4490,0,1
vodospad,5526.B,32899,650,649,1,1
vodospad,5540/2N,41716,710,710,1,1
vodospad,5540/L,41714,750,750,1,1
vodospad,5540/N,41715,410,410,1,1
vodospad,555-21,38190,4099,4099,0,1
vodospad,568-10,33449,5990,5990,0,1
vodospad,570-27,38193,4290,4290,0,0
vodospad,5771/R,40910,490,490,1,1
vodospad,5776/N,40625,550,550,0,1
vodospad,5791/R,41718,430,430,0,1
vodospad,600/11,36624,5499,5499,0,1
vodospad,600А/12,32937,6499,6499,0,1
vodospad,613/20,37725,1990,1990,1,1
vodospad,626/11,40645,6599,6599,0,1
vodospad,630/11,42245,6999,6999,0,0
vodospad,635/12,41214,8999,8999,0,0
vodospad,641/10F,37043,6499,6499,0,0
vodospad,641/10L,40646,7299,7299,0,1
vodospad,645/10F,37044,6599,6599,0,1
vodospad,6b066216-abbb-11ee-bf43-c87f546feb15,39651,998,999,0,0
vodospad,710-65,33434,13990,13990,0,0
vodospad,717-24,36319,3000,3000,0,1
vodospad,717-27,33664,3290,3290,0,1
vodospad,717-30,40713,3790,3790,0,1
vodospad,726-13,40873,2090,2090,1,1
vodospad,752-24,42186,3490,3490,1,1
vodospad,754-36,42187,5990,5990,0,1
vodospad,760-55,43339,11990,11990,1,1
vodospad,77db850b-abbb-11ee-bf43-c87f546feb15,32684,1199,1199,0,0
vodospad,8001/В,41153,850,850,1,1
vodospad,902,32579,959,959,1,1
vodospad,9307/19LU,40602,1320,1320,0,1
vodospad,9377/19_LN,40623,1290,1290,0,1
vodospad,9387/19LU,40906,1650,1650,0,1
vodospad,97004.A,42274,859,869,1,0
vodospad,A-903,42860,690,690,0,1
vodospad,BCL20IB,39101,15525,16999,0,0
vodospad,BCL21,33966,49900,47862,0,0
vodospad,CAM-24LN,38653,1459,1459,1,1
vodospad,CAM-24PRO,38654,1999,1999,1,0
vodospad,CT-32E,37717,1690,1690,1,1
vodospad,CT-42PRO,38667,3990,3880,1,0
vodospad,CTR-32PRO,38663,3590,3590,1,0
vodospad,CUC-0.4-360,37106,1881,950,1,0
vodospad,CUC-0.8-600,37107,2070,1055,0,0
vodospad,DUKE-25,38656,1470,1470,1,1
vodospad,FAL10006,41186,3390,3390,1,1
vodospad,FAL10099,41190,2799,2799,1,1
vodospad,FAL2000,41184,1990,1990,0,0
vodospad,FAL2097,42411,1190,1190,1,1
vodospad,FAL2190,42611,790,790,1,0
vodospad,FAL2209,41180,2050,2050,1,0
vodospad,FAL2390,42927,895,895,0,0
vodospad,FAL7522,41179,2820,2820,1,1
vodospad,FAL8099,41191,2599,2599,1,1
vodospad,Fal1162,41939,1850,1850,1,1
vodospad,Fal2112,41182,1690,1690,1,1
vodospad,GR-18L,38659,1449,1449,0,1
vodospad,GS180F,31955,1265,750,1,0
vodospad,HFGPS-0.7-400FG,31994,1614,950,0,0
vodospad,K-900Z,38739,3690,3499,1,0
vodospad,KIKUWA-1090,42655,990,990,0,1
vodospad,KR-1000,33507,4460,4460,1,1
vodospad,KR-1000-1,36674,1460,1460,1,1
vodospad,KR-1000L,41092,4459,4459,1,1
vodospad,KST 204,42198,4220,4220,0,1
vodospad,KST 216,37067,4190,4490,0,1
vodospad,KST 231,33336,4985,5390,1,1
vodospad,KST101,33506,2590,2590,1,1
vodospad,KST103,32950,2695,2695,1,1
vodospad,KST104,33217,2990,2990,1,1
vodospad,KST108,33897,950,990,1,1
vodospad,KST133,33896,1090,1090,1,1
vodospad,KST204,42198,4220,4220,0,1
vodospad,KST205,42261,4790,4790,1,1
vodospad,KST205-K,33479,5550,5550,1,1
vodospad,KST214,42363,5190,5190,0,1
vodospad,KST216,37067,4490,4490,0,1
vodospad,KST217,33477,4790,4790,1,1
vodospad,KST230,33531,5990,5990,0,1
vodospad,KST231,33336,5390,5390,1,1
vodospad,KST304,33461,850,850,1,1
vodospad,KST306,33458,850,850,1,1
vodospad,KST307,33470,850,850,1,1
vodospad,KST404,42364,1190,1250,1,1
vodospad,KST412,32951,825,825,1,1
vodospad,KZSI200000,33920,1590,1590,1,1
vodospad,LAP-KNIFE,42195,1390,1430,1,1
vodospad,LPA-30L,38733,5499,5499,1,1
vodospad,LPB-20L,38734,3720,3720,0,1
vodospad,LPB-20M,38735,3480,3480,0,1
vodospad,LPB-30-1,37391,1040,1040,0,1
vodospad,LPB-30-2,38629,1512,1512,1,1
vodospad,LPB-30L,33508,3880,3880,0,1
vodospad,LPB-30M,38736,3647,3647,0,0
vodospad,Lopata_M,41509,4399,4599,0,0
vodospad,MS93305,33291,130,130,1,1
vodospad,N21.065,43331,7399,7399,0,1
vodospad,N21.080,43332,7599,7599,1,1
vodospad,N22.065,43330,7399,7399,0,1
vodospad,N22.080,43324,7599,7599,1,0
vodospad,NJP811,40174,2475,2490,0,0
vodospad,NP-12-COM,31982,855,506,1,0
vodospad,P128-19,31972,570,570,1,1
vodospad,P140-F,36465,2925,2590,1,1
vodospad,P160-SL-60,33648,3950,3950,0,1
vodospad,P160-SL-75,33647,3990,4050,1,1
vodospad,P160-SL-90,31959,4290,4290,1,1
vodospad,P19-80-F,31965,6697,3980,1,0
vodospad,P280-SL-80,31966,3090,3090,1,1
vodospad,P34-27A-F,32551,2148,2190,1,1
vodospad,P34-37,31937,3195,2110,1,0
vodospad,P51-SL,32554,2925,2890,0,0
vodospad,P51H-SL,33358,3690,3690,1,0
vodospad,P52-SL-20,42776,4299,4299,0,1
vodospad,P57-25-F,42609,2160,2590,1,1
vodospad,P59-25-F,31970,2115,1890,0,1
vodospad,P6201,41419,2400,2400,0,0
vodospad,P6202,40647,2650,2650,0,0
vodospad,PG-12-F,31921,650,650,1,1
vodospad,PG-19-F,31968,2992,1905,0,0
vodospad,PG-L2-F,31920,1570,1238,0,0
vodospad,PG-M2-F,31919,1875,1035,0,0
vodospad,PM-24L,38661,1920,1920,1,1
vodospad,PX-M3-R500P,37459,2500,2050,0,0
vodospad,R144PV,33663,345,350,1,1
vodospad,R160A,32920,1160,1160,1,1
vodospad,R185V,42982,1148,1190,1,1
vodospad,R260A,36425,1037,1090,1,1
vodospad,R516V,40920,225,220,1,1
vodospad,R660V,41107,1160,445,1,1
vodospad,Rain1,40534,198,220,0,0
vodospad,SD-100-BT,42730,799,799,0,0
vodospad,SUC-0.7-450,37108,1580,1155,0,0
vodospad,SUC-0.9-600,37109,2205,1500,0,0
vodospad,SUC-1.0-710,37110,2475,1450,0,0
vodospad,SUC-1.7-800,37111,2948,1650,0,0
vodospad,TBS270,41110,8999,8999,0,0
vodospad,TC90045,36474,325,325,1,1
vodospad,TP91041,40900,499,499,0,0
vodospad,TP91043,38999,649,649,1,0
vodospad,TP91510,40732,990,990,1,0
vodospad,UV-32E,37716,1690,1690,0,1
vodospad,UV-32Е,37716,1549,1690,0,1
vodospad,UVR-32PRO,41929,3590,3590,0,0
vodospad,VS-7XZ,33576,2099,2099,1,1
vodospad,VS-8X-2,38635,533,533,0,0
vodospad,VS-8XR,38718,2629,2629,1,1
vodospad,VS-8XZ,33462,2299,2299,1,1
vodospad,VS-9X-2,38636,600,600,0,1
vodospad,VS-9XR,38725,2869,2869,1,1
vodospad,VS-9XZ,33516,2519,2519,0,1
vodospad,WW12-20,42257,2299,2299,1,1
vodospad,b7ae5582-dcce-11f0-81e7-e89c257d8b8f,42860,690,690,0,1
vodospad,bag2321,42128,260,260,1,1
